殺意のネコの逆襲！<br>「XP＋2,222」をゲットした！！	1日目
殺意のネコの逆襲！<br>「XP＋2,222」をゲットした！！	2日目
殺意のネコの逆襲！<br>「XP＋2,222」をゲットした！！	3日目
殺意のネコの逆襲！<br>「XP＋2,222」をゲットした！！	4日目
殺意のネコの逆襲！<br>「レアチケット＋2」をゲットした！！	5日目
殺意のネコの逆襲！<br>「XP＋2,222」をゲットした！！	6日目
殺意のネコの逆襲！<br>「XP＋2,222」をゲットした！！	7日目
