スタンプ 1個目のプレゼント<br>「伝説のにんじん＋1」をゲットした！！	1日目
スタンプ 2個目のプレゼント<br>「伝説のにんじん＋2」をゲットした！！	2日目
スタンプ 3個目のプレゼント<br>「伝説のにんじん＋3」をゲットした！！	3日目
スタンプ 4個目のプレゼント<br>「伝説のにんじん＋4」をゲットした！！	4日目
スタンプ 5個目のプレゼント<br>「レアチケット＋1」をゲットした！！	5日目
スタンプ 6個目のプレゼント<br>「伝説のにんじん＋5」をゲットした！！	6日目
スタンプ 7個目のプレゼント<br>「伝説のにんじん＋5」をゲットした！！	7日目
