textID,テキスト内容
1,「攻撃力ダウン」の効果を解放します<br>レベルアップで攻撃力をダウンさせる時間が長くなります
2,「動きを止める」の効果を解放します<br>レベルアップで動きを止める時間が長くなります
3,「動きを遅くする」の効果を解放します<br>レベルアップで動きを遅くする時間が長くなります
4,「攻撃ターゲット限定」の効果を解放します
5,「めっぽう強い」の効果を解放します
6,「打たれ強い」の効果を解放します
7,「超ダメージ」の効果を解放します
8,「ふっとばす」の効果を解放します<br>レベルアップでふっとばす確率が上がります
9,「ワープ」の効果を解放します
10,体力低下で攻撃力が上がる能力を解放します<br>レベルアップで能力発動時の攻撃力が上がります
11,「生き残る」の能力を解放します<br>レベルアップで生き残る確率が上がります
12,「城破壊が得意」の能力を解放します
13,「クリティカル」の能力を解放します<br>レベルアップでクリティカルが発動する確率が上がります
14,「ゾンビキラー」の能力を解放します
15,「バリアブレイカー」の能力を解放します<br>レベルアップでバリアを破壊する確率が上がります
16,「撃破時お金アップ」の能力を解放します
17,「波動攻撃」の能力を解放します<br>レベルアップで波動攻撃を放つ確率が上がります
18,「攻撃力ダウン耐性」の能力を解放します<br>レベルアップで受けた効果をさらに軽減します
19,「動きを止める耐性」の能力を解放します<br>レベルアップで受けた効果をさらに軽減します
20,「動きを遅くする耐性」の能力を解放します<br>レベルアップで受けた効果をさらに軽減します
21,「ふっとばし耐性」の能力を解放します<br>レベルアップで受けた効果をさらに軽減します
22,「波動ダメージ耐性」の能力を解放します<br>レベルアップで波動で受けるダメージをさらに軽減します
23,「波動ストッパー」の能力を解放します
24,「ワープ耐性」の能力を解放します<br>レベルアップで受けた効果をさらに軽減します
25,「古代の呪い無効」の能力を解放します
26,「古代の呪い耐性」の能力を解放します<br>レベルアップで受けた効果をさらに軽減します
27,キャラクターの基本体力が上がります<br>レベルアップでさらに体力が上がります
28,キャラクターの基本攻撃力が上がります<br>レベルアップでさらに攻撃力が上がります
29,キャラクターの移動速度が上がります<br>レベルアップでさらに速度が上がります
30,キャラクターのノックバック回数が増加します<br>レベルアップでさらに回数が増加します
31,キャラクターの生産コストを減少します<br>レベルアップでさらにコストが減少します
32,キャラクターの生産スピードが上がります<br>レベルアップでさらにスピードが上がります
33,効果のターゲットに赤い敵を追加します
34,効果のターゲットに浮いてる敵を追加します
35,効果のターゲットに黒い敵を追加します
36,効果のターゲットにメタルな敵を追加します
37,効果のターゲットに天使を追加します
38,効果のターゲットにエイリアンを追加します
39,効果のターゲットにゾンビを追加します
40,効果のターゲットに古代種を追加します
41,効果のターゲットに属性を持たない敵を追加します
42,「攻撃力ダウン」の効果を強化します<br>レベルアップで攻撃力をダウンさせる時間が長くなります
43,「動きを止める」の効果を強化します<br>レベルアップで動きを止める時間が長くなります
44,「動きを遅くする」の効果を強化します<br>レベルアップで動きを遅くする時間が長くなります
45,「ふっとばす」の効果を強化します<br>レベルアップでふっとばす確率が上がります
46,体力低下で攻撃力が上がる能力を強化します<br>レベルアップで能力発動時の攻撃力が上がります
47,「生き残る」の能力を強化します<br>レベルアップで生き残る確率が上がります
48,「クリティカル」の能力を強化します<br>レベルアップでクリティカルが発動する確率が上がります
49,「バリアブレイカー」の能力を強化します<br>レベルアップでバリアを破壊する確率が上がります
50,「波動攻撃」の能力を強化します<br>レベルアップで波動攻撃を放つ確率が上がります
51,「ワープ」の効果を強化します<br>レベルアップでワープさせる時間が長くなります
52,「クリティカル」の能力を解放します
53,「攻撃力ダウン無効」の能力を解放します
54,「動きを止める無効」の能力を解放します
55,「動きを遅くする無効」の能力を解放します
56,「ふっとばし無効」の能力を解放します
57,「波動ダメージ無効」の能力を解放します
58,「ワープ無効」の能力を解放します
59,「渾身の一撃」の効果を解放します<br>レベルアップで渾身の一撃が発動する確率が上がります
60,「攻撃無効」の効果を解放します<br>レベルアップで攻撃を無効にする時間が長くなります
61,「渾身の一撃」の効果を強化します<br>レベルアップで渾身の一撃が発動する確率が上がります
62,「攻撃無効」の効果を強化します<br>レベルアップで攻撃を無効にする時間が長くなります
63,「動きを遅くする」の効果を強化します<br>レベルアップで動きを遅くする確率が上がります
64,「毒撃ダメージ耐性」の能力を解放します<br>レベルアップで毒撃で受けるダメージをさらに軽減します
65,「毒撃ダメージ無効」の能力を解放します
66,「烈波ダメージ耐性」の能力を解放します<br>レベルアップで烈波で受けるダメージをさらに軽減します
67,「烈波ダメージ無効」の能力を解放します
68,「烈波攻撃」の能力を解放します<br>レベルアップで烈波攻撃を放つ確率が上がります
69,「古代種の動きを遅くする」の効果を解放します<br>レベルアップで動きを遅くする時間が長くなります
70,「古代種の攻撃力ダウン」の効果を解放します<br>レベルアップで攻撃力をダウンさせる時間が長くなります
71,「エイリアンの攻撃力ダウン」の効果を解放します<br>レベルアップで攻撃力をダウンさせる時間が長くなります
72,「メタルの動きを遅くする」の効果を解放します<br>レベルアップで動きを遅くする時間が長くなります
73,「ゾンビをふっとばす」の効果を解放します<br>レベルアップでふっとばす確率が上がります
74,「動きを止める」の効果を強化します<br>レベルアップで動きを止める確率が上がります
75,「エイリアンをふっとばす」の効果を解放します<br>レベルアップでふっとばす確率が上がります
76,「メタルな敵の動きを止める」の効果を解放します<br>レベルアップで動きを止める時間が長くなります
77,効果のターゲットに悪魔を追加します
78,「シールドブレイカー」の能力を解放します<br>レベルアップでシールドを破壊する確率が上がります
79,「魂攻撃」の能力を解放します
