{"data":[{"file":{"image":"bgEffect_022.png","imgcut":"bgEffect_022.imgcut","model":"bgEffect_022_00.mamodel","anime":"bgEffect_022_00_1.maanim"},"name":"手前２","count":{"value":40},"x":{"value":-400,"base":"worldLeft"},"startX":{"min":{"value":-200,"base":"worldLeft"},"max":{"value":400,"base":"worldRight"}},"startY":{"min":{"value":600},"max":{"value":300,"base":"worldBottom"}},"z":{"value":0,"base":"frontChara"},"scale":{"min":{"value":2},"max":{"value":3}},"angle":{"min":{"value":0},"max":{"value":360}},"alpha":{"min":{"value":200},"max":{"value":255}},"vx":{"min":{"value":5,"base":"secondToFrame"},"max":{"value":10,"base":"secondToFrame"}},"destroyRight":{"value":500,"base":"worldRight"},"frame":{"min":{"value":0},"max":{"value":300}}},{"file":{"image":"bgEffect_022.png","imgcut":"bgEffect_022.imgcut","model":"bgEffect_022_00.mamodel","anime":"bgEffect_022_00_0.maanim"},"name":"手前２","count":{"value":40},"x":{"value":-400,"base":"worldLeft"},"startX":{"min":{"value":-300,"base":"worldLeft"},"max":{"value":400,"base":"worldRight"}},"startY":{"min":{"value":600},"max":{"value":300,"base":"worldBottom"}},"z":{"value":0,"base":"frontChara"},"scale":{"min":{"value":2},"max":{"value":3}},"angle":{"min":{"value":0},"max":{"value":360}},"alpha":{"min":{"value":200},"max":{"value":255}},"vx":{"min":{"value":5,"base":"secondToFrame"},"max":{"value":10,"base":"secondToFrame"}},"destroyRight":{"value":500,"base":"worldRight"},"frame":{"min":{"value":0},"max":{"value":300}}},{"file":{"image":"bgEffect_022.png","imgcut":"bgEffect_022.imgcut","model":"bgEffect_022_00.mamodel","anime":"bgEffect_022_00_0.maanim"},"name":"奥","count":{"value":20},"x":{"value":-400,"base":"worldLeft"},"startX":{"min":{"value":-200,"base":"worldLeft"},"max":{"value":400,"base":"worldRight"}},"startY":{"min":{"value":-200},"max":{"value":300}},"z":{"value":0,"base":"backChara"},"scale":{"min":{"value":2},"max":{"value":4}},"angle":{"min":{"value":0},"max":{"value":360}},"alpha":{"min":{"value":200},"max":{"value":255}},"vx":{"min":{"value":5,"base":"secondToFrame"},"max":{"value":10,"base":"secondToFrame"}},"destroyRight":{"value":500,"base":"worldRight"},"frame":{"min":{"value":0},"max":{"value":300}}},{"file":{"image":"bgEffect_022.png","imgcut":"bgEffect_022.imgcut","model":"bgEffect_022_00.mamodel","anime":"bgEffect_022_00_2.maanim"},"name":"奥細い","count":{"value":10},"x":{"value":-400,"base":"worldLeft"},"startX":{"min":{"value":-200,"base":"worldLeft"},"max":{"value":400,"base":"worldRight"}},"startY":{"min":{"value":300},"max":{"value":400}},"z":{"value":0,"base":"backChara"},"scale":{"min":{"value":2},"max":{"value":4}},"alpha":{"min":{"value":200},"max":{"value":255}},"vx":{"min":{"value":5,"base":"secondToFrame"},"max":{"value":10,"base":"secondToFrame"}},"destroyRight":{"value":500,"base":"worldRight"},"frame":{"min":{"value":0},"max":{"value":300}}},{"file":{"image":"bgEffect_022.png","imgcut":"bgEffect_022.imgcut","model":"bgEffect_022_00.mamodel","anime":"bgEffect_022_00_2.maanim"},"name":"手前２デカ薄","count":{"value":30},"x":{"value":-400,"base":"worldLeft"},"startX":{"min":{"value":-300,"base":"worldLeft"},"max":{"value":400,"base":"worldRight"}},"startY":{"min":{"value":800},"max":{"value":900}},"z":{"value":0,"base":"frontChara"},"scale":{"min":{"value":6},"max":{"value":7}},"angle":{"min":{"value":0},"max":{"value":360}},"alpha":{"min":{"value":100},"max":{"value":150}},"vx":{"min":{"value":5,"base":"secondToFrame"},"max":{"value":10,"base":"secondToFrame"}},"destroyRight":{"value":500,"base":"worldRight"},"frame":{"min":{"value":0},"max":{"value":300}}}]}