{"data":[{"file":{"image":"bgEffect_018.png","imgcut":"bgEffect_018.imgcut","model":"bgEffect_018_00.mamodel","anime":"bgEffect_018_00_0.maanim"},"name":"ゆっくり消える塵","count":{"value":60},"x":{"min":{"value":0,"base":"worldLeft"},"max":{"value":0,"base":"worldRight"}},"y":{"min":{"value":0,"base":"worldTop"},"max":{"value":0,"base":"worldBottom"}},"z":{"value":0,"base":"frontChara"},"scale":{"min":{"value":0.5},"max":{"value":1}},"angle":{"min":{"value":-100},"max":{"value":10}},"alpha":{"min":{"value":40},"max":{"value":255}},"moveAngle":{"value":100},"vx":{"value":2},"vy":{"min":{"value":-60,"base":"secondToFrame"},"max":{"value":-30,"base":"secondToFrame"}},"destroyTop":{"value":0,"base":"worldTop"},"frame":{"min":{"value":0},"max":{"value":-100}},"lifeTime":{"value":100,"base":"animeInterval"}},{"file":{"image":"bgEffect_018.png","imgcut":"bgEffect_018.imgcut","model":"bgEffect_018_00.mamodel","anime":"bgEffect_018_00_1.maanim"},"name":"切り出しアニメする塵","count":{"value":30},"x":{"min":{"value":0,"base":"worldLeft"},"max":{"value":0,"base":"worldRight"}},"y":{"min":{"value":-100,"base":"worldTop"},"max":{"value":0,"base":"worldBottom"}},"z":{"value":0,"base":"frontChara"},"scale":{"min":{"value":0.5},"max":{"value":1.5}},"angle":{"value":20},"alpha":{"min":{"value":40},"max":{"value":255}},"vx":{"value":1},"vy":{"min":{"value":-50,"base":"secondToFrame"},"max":{"value":-30,"base":"secondToFrame"}},"destroyTop":{"value":0,"base":"worldTop"},"frame":{"min":{"value":0},"max":{"value":-5}}},{"file":{"image":"bgEffect_018.png","imgcut":"bgEffect_018.imgcut","model":"bgEffect_018_00.mamodel","anime":"bgEffect_018_00_2.maanim"},"name":"凄い早く消える塵","count":{"value":10},"x":{"min":{"value":0,"base":"worldLeft"},"max":{"value":0,"base":"worldRight"}},"y":{"min":{"value":0,"base":"worldBottom"},"max":{"value":-150,"base":"worldBottom"}},"z":{"value":0,"base":"frontChara"},"scale":{"min":{"value":2},"max":{"value":4}},"angle":{"min":{"value":0},"max":{"value":20}},"alpha":{"value":50},"vx":{"value":2},"vy":{"min":{"value":-200,"base":"secondToFrame"},"max":{"value":-300,"base":"secondToFrame"}},"destroyTop":{"min":{"value":0,"base":"worldTop"},"max":{"value":600,"base":"worldTop"}},"frame":{"min":{"value":0},"max":{"value":-40}},"lifeTime":{"value":40,"base":"animeLength"}}]}